Workbook

Sheet RMSE LIM
A1: EAST | B1: NORTH | C1: RL | D1: SELISIH | I1: SELISIH KUADRAT | N1: RATA-RATA SELISIH KUADRAT
D2: POWER 1 | E2: POWER 2 | F2: POWER 3 | G2: POWER 4 | H2: POWER 5 | I2: POWER 1 | J2: POWER 2 | K2: POWER 3 | L2: POWER 4 | M2: POWER 5 | N2: POWER 1 | O2: POWER 2 | P2: POWER 3 | Q2: POWER 4 | R2: POWER 5
A3: 415990.36 | B3: 9648775.5 | C3: 564.368 | D3: ='LIM P1'!F2 -> -0.14943603 | E3: ='LIM P2'!F2 -> -0.10148377 | F3: ='LIM P3'!F2 -> -0.073998163 | G3: ='LIM P4'!F2 -> -0.067521325 | H3: ='LIM P5'!F2 -> -0.067539506 | I3: =D3^2 -> 0.022331127 | J3: =E3^2 -> 0.010298955 | K3: =F3^2 -> 0.0054757281 | L3: =G3^2 -> 0.0045591293 | M3: =H3^2 -> 0.0045615849 | N3: =AVERAGE(I3:I508) -> 0.048423498 | O3: =AVERAGE(J3:J508) -> 0.016253288 | P3: =AVERAGE(K3:K508) -> 0.029198233 | Q3: =AVERAGE(L3:L508) -> 0.03006004 | R3: =AVERAGE(M3:M508) -> 0.028842973
A4: 415990.36 | B4: 9648775.5 | C4: 563.368 | D4: ='LIM P1'!F3 -> -0.041997033 | E4: ='LIM P2'!F3 -> 0.030461867 | F4: ='LIM P3'!F3 -> 0.072197562 | G4: ='LIM P4'!F3 -> 0.08691275 | H4: ='LIM P5'!F3 -> 0.09182721 | I4: =D4^2 -> 0.0017637508 | J4: =E4^2 -> 0.00092792533 | K4: =F4^2 -> 0.0052124879 | L4: =G4^2 -> 0.0075538261 | M4: =H4^2 -> 0.0084322366
A5: 415990.36 | B5: 9648775.5 | C5: 562.368 | D5: ='LIM P1'!F4 -> -0.1840082 | E5: ='LIM P2'!F4 -> -0.16393665 | F5: ='LIM P3'!F4 -> -0.14932052 | G5: ='LIM P4'!F4 -> -0.14498503 | H5: ='LIM P5'!F4 -> -0.14434642 | I5: =D5^2 -> 0.033859016 | J5: =E5^2 -> 0.026875227 | K5: =F5^2 -> 0.022296617 | L5: =G5^2 -> 0.02102066 | M5: =H5^2 -> 0.020835889 | N5: RMSE
A6: 415990.36 | B6: 9648775.5 | C6: 561.368 | D6: ='LIM P1'!F5 -> 0.024066062 | E6: ='LIM P2'!F5 -> 0.042397765 | F6: ='LIM P3'!F5 -> 0.069544953 | G6: ='LIM P4'!F5 -> 0.083963244 | H6: ='LIM P5'!F5 -> 0.090170037 | I6: =D6^2 -> 0.00057917534 | J6: =E6^2 -> 0.0017975705 | K6: =F6^2 -> 0.0048365005 | L6: =G6^2 -> 0.0070498264 | M6: =H6^2 -> 0.0081306356 | N6: POWER 1 | O6: POWER 2 | P6: POWER 3 | Q6: POWER 4 | R6: POWER 5
A7: 415990.36 | B7: 9648775.5 | C7: 560.368 | D7: ='LIM P1'!F6 -> -0.027431645 | E7: ='LIM P2'!F6 -> -0.069636563 | F7: ='LIM P3'!F6 -> -0.074294547 | G7: ='LIM P4'!F6 -> -0.070553141 | H7: ='LIM P5'!F6 -> -0.067754506 | I7: =D7^2 -> 0.00075249512 | J7: =E7^2 -> 0.0048492509 | K7: =F7^2 -> 0.0055196798 | L7: =G7^2 -> 0.0049777457 | M7: =H7^2 -> 0.004590673 | N7: =SQRT(N3) -> 0.2200534 | O7: =SQRT(O3) -> 0.12748839 | P7: =SQRT(P3) -> 0.1708749 | Q7: =SQRT(Q3) -> 0.17337831 | R7: =SQRT(R3) -> 0.16983219
A8: 415990.36 | B8: 9648775.5 | C8: 559.368 | D8: ='LIM P1'!F7 -> 0.052599285 | E8: ='LIM P2'!F7 -> -0.047323358 | F8: ='LIM P3'!F7 -> -0.089575307 | G8: ='LIM P4'!F7 -> -0.099469446 | H8: ='LIM P5'!F7 -> -0.1009075 | I8: =D8^2 -> 0.0027666847 | J8: =E8^2 -> 0.0022395002 | K8: =F8^2 -> 0.0080237356 | L8: =G8^2 -> 0.0098941707 | M8: =H8^2 -> 0.010182323
A9: 415990.36 | B9: 9648775.5 | C9: 558.368 | D9: ='LIM P1'!F8 -> 0.25302029 | E9: ='LIM P2'!F8 -> 0.1249429 | F9: ='LIM P3'!F8 -> 0.14379088 | G9: ='LIM P4'!F8 -> 0.11204957 | H9: ='LIM P5'!F8 -> 0.09982112 | I9: =D9^2 -> 0.064019265 | J9: =E9^2 -> 0.015610727 | K9: =F9^2 -> 0.020675816 | L9: =G9^2 -> 0.012555107 | M9: =H9^2 -> 0.0099642561
A10: 415990.36 | B10: 9648775.5 | C10: 557.368 | D10: ='LIM P1'!F9 -> 0.22478374 | E10: ='LIM P2'!F9 -> 0.19987302 | F10: ='LIM P3'!F9 -> 0.22182423 | G10: ='LIM P4'!F9 -> 0.29649298 | H10: ='LIM P5'!F9 -> 0.28905238 | I10: =D10^2 -> 0.050527729 | J10: =E10^2 -> 0.039949226 | K10: =F10^2 -> 0.049205991 | L10: =G10^2 -> 0.087908089 | M10: =H10^2 -> 0.083551277
A11: 415990.36 | B11: 9648775.5 | C11: 556.368 | D11: ='LIM P1'!F10 -> 0.055356487 | E11: ='LIM P2'!F10 -> -0.147577 | F11: ='LIM P3'!F10 -> -0.2347872 | G11: ='LIM P4'!F10 -> -0.20828595 | H11: ='LIM P5'!F10 -> -0.22995012 | I11: =D11^2 -> 0.0030643407 | J11: =E11^2 -> 0.021778971 | K11: =F11^2 -> 0.055125028 | L11: =G11^2 -> 0.043383038 | M11: =H11^2 -> 0.052877058
A12: 416044.85 | B12: 9648725.6 | C12: 560.837 | D12: ='LIM P1'!F11 -> 0.28355128 | E12: ='LIM P2'!F11 -> 0.16009146 | F12: ='LIM P3'!F11 -> 0.23844104 | G12: ='LIM P4'!F11 -> 0.22214414 | H12: ='LIM P5'!F11 -> 0.21195673 | I12: =D12^2 -> 0.080401328 | J12: =E12^2 -> 0.025629276 | K12: =F12^2 -> 0.056854129 | L12: =G12^2 -> 0.04934802 | M12: =H12^2 -> 0.044925656
A13: 416044.85 | B13: 9648725.6 | C13: 559.837 | D13: ='LIM P1'!F12 -> 0.076142891 | E13: ='LIM P2'!F12 -> 0.071583917 | F13: ='LIM P3'!F12 -> 0.089457058 | G13: ='LIM P4'!F12 -> 0.10053547 | H13: ='LIM P5'!F12 -> 0.10565889 | I13: =D13^2 -> 0.0057977399 | J13: =E13^2 -> 0.0051242572 | K13: =F13^2 -> 0.0080025653 | L13: =G13^2 -> 0.010107381 | M13: =H13^2 -> 0.011163802
A14: 416044.85 | B14: 9648725.6 | C14: 558.837 | D14: ='LIM P1'!F13 -> -0.21344091 | E14: ='LIM P2'!F13 -> -0.19071456 | F14: ='LIM P3'!F13 -> -0.29575335 | G14: ='LIM P4'!F13 -> -0.28894903 | H14: ='LIM P5'!F13 -> -0.28441644 | I14: =D14^2 -> 0.045557023 | J14: =E14^2 -> 0.036372045 | K14: =F14^2 -> 0.087470044 | L14: =G14^2 -> 0.083491541 | M14: =H14^2 -> 0.080892713
A15: 416044.85 | B15: 9648725.6 | C15: 557.837 | D15: ='LIM P1'!F14 -> 0.18879617 | E15: ='LIM P2'!F14 -> 0.17838509 | F15: ='LIM P3'!F14 -> 0.20524536 | G15: ='LIM P4'!F14 -> 0.22632575 | H15: ='LIM P5'!F14 -> 0.23801918 | I15: =D15^2 -> 0.035643995 | J15: =E15^2 -> 0.03182124 | K15: =F15^2 -> 0.042125657 | L15: =G15^2 -> 0.051223344 | M15: =H15^2 -> 0.056653132
A16: 416044.85 | B16: 9648725.6 | C16: 556.837 | D16: ='LIM P1'!F15 -> 0.14467345 | E16: ='LIM P2'!F15 -> -0.014684554 | F16: ='LIM P3'!F15 -> -0.090865109 | G16: ='LIM P4'!F15 -> -0.12027441 | H16: ='LIM P5'!F15 -> -0.13308693 | I16: =D16^2 -> 0.020930407 | J16: =E16^2 -> 0.00021563614 | K16: =F16^2 -> 0.008256468 | L16: =G16^2 -> 0.014465933 | M16: =H16^2 -> 0.017712131
A17: 416044.85 | B17: 9648725.6 | C17: 555.837 | D17: ='LIM P1'!F16 -> 0.24330266 | E17: ='LIM P2'!F16 -> 0.12840123 | F17: ='LIM P3'!F16 -> 0.26244183 | G17: ='LIM P4'!F16 -> 0.2406733 | H17: ='LIM P5'!F16 -> 0.23380752 | I17: =D17^2 -> 0.059196184 | J17: =E17^2 -> 0.016486875 | K17: =F17^2 -> 0.068875714 | L17: =G17^2 -> 0.057923636 | M17: =H17^2 -> 0.054665957
A18: 415990.36 | B18: 9648675.5 | C18: 554.588 | D18: ='LIM P1'!F17 -> -0.27974161 | E18: ='LIM P2'!F17 -> -0.48167315 | F18: ='LIM P3'!F17 -> -0.21327914 | G18: ='LIM P4'!F17 -> -0.2329858 | H18: ='LIM P5'!F17 -> -0.24213388 | I18: =D18^2 -> 0.078255367 | J18: =E18^2 -> 0.23200902 | K18: =F18^2 -> 0.045487992 | L18: =G18^2 -> 0.054282384 | M18: =H18^2 -> 0.058628814
A19: 415990.36 | B19: 9648675.5 | C19: 553.588 | D19: ='LIM P1'!F18 -> 0.2226053 | E19: ='LIM P2'!F18 -> 0.1391106 | F19: ='LIM P3'!F18 -> 0.26988647 | G19: ='LIM P4'!F18 -> 0.27803201 | H19: ='LIM P5'!F18 -> 0.28136483 | I19: =D19^2 -> 0.049553118 | J19: =E19^2 -> 0.019351758 | K19: =F19^2 -> 0.072838709 | L19: =G19^2 -> 0.077301797 | M19: =H19^2 -> 0.079166167
... A508: 416188.19 | B508: 9648677.7 | C508: 549.731 | D508: ='LIM P1'!F507 -> -0.29097278 | E508: ='LIM P2'!F507 -> -0.12440791 | F508: ='LIM P3'!F507 -> -0.098684456 | G508: ='LIM P4'!F507 -> 0.066781338 | H508: ='LIM P5'!F507 -> 0.1311984 | I508: =D508^2 -> 0.084665157 | J508: =E508^2 -> 0.015477329 | K508: =F508^2 -> 0.0097386218 | L508: =G508^2 -> 0.0044597471 | M508: =H508^2 -> 0.017213021

Sheet LP1 TR & TS
A1: DATA TRENING 80% | M1: DATA TESTING 20%
A2: X | B2: Y | C2: Z | D2: Ni | E2: ESTIMATE | F2: RESIDUAL | G2: SIZE | H2: HOLE | I2: (X-Y)^2 | J2: RATA-RATA (X-Y)^2 | K2: RMSE | M2: X | N2: Y | O2: Z | P2: Ni | Q2: ESTIMATE | R2: RESIDUAL | S2: SIZE | T2: HOLE | U2: (X-Y)^2 | V2: RATA-RATA (X-Y)^2 | W2: RMSE
A3: 415940.36 | B3: 9648675.5 | C3: 551.769 | D3: 0 | E3: 0.92915939 | F3: -0.92915939 | G3: 0.92915939 | H3: 2 | I3: =F3^2 -> 0.86333716 | J3: =AVERAGE(I3:I403) -> 0.094448805 | K3: =SQRT(J3) -> 0.30732524 | M3: 416090.36 | N3: 9648475.5 | O3: 539.519 | P3: 1.32 | Q3: 0.80200701 | R3: 0.51799299 | S3: 0.51799299 | T3: 5 | U3: =R3^2 -> 0.26831674 | V3: =AVERAGE(U3:U107) -> 0.2148786 | W3: =SQRT(V3) -> 0.46355
A4: 416240.36 | B4: 9648675.5 | C4: 554.754 | D4: 0 | E4: 0.93542594 | F4: -0.93542594 | G4: 0.93542594 | H4: 3 | I4: =F4^2 -> 0.87502168 | M4: 415940.36 | N4: 9648775.5 | O4: 551.5 | P4: 1.325 | Q4: 1.1131408 | R4: 0.21185916 | S4: 0.21185916 | T4: 3 | U4: =R4^2 -> 0.044884302
A5: 415940.36 | B5: 9648775.5 | C5: 568.5 | D5: 0 | E5: 0.69046892 | F5: -0.69046892 | G5: 0.69046892 | H5: 4 | I5: =F5^2 -> 0.47674733 | M5: 416240.36 | N5: 9648475.5 | O5: 511.091 | P5: 1.33 | Q5: 0.87107249 | R5: 0.45892751 | S5: 0.45892751 | T5: 3 | U5: =R5^2 -> 0.21061445
A6: 415940.36 | B6: 9648775.5 | C6: 567.5 | D6: 0 | E6: 0.62394194 | F6: -0.62394194 | G6: 0.62394194 | H6: 4 | I6: =F6^2 -> 0.38930354 | M6: 416240.36 | N6: 9648475.5 | O6: 505.091 | P6: 1.33 | Q6: 0.85766922 | R6: 0.47233078 | S6: 0.47233078 | T6: 3 | U6: =R6^2 -> 0.22309637
A7: 415940.36 | B7: 9648775.5 | C7: 566.5 | D7: 0 | E7: 0.64404664 | F7: -0.64404664 | G7: 0.64404664 | H7: 4 | I7: =F7^2 -> 0.41479607 | M7: 416194.1 | N7: 9648577.8 | O7: 541.665 | P7: 1.34 | Q7: 1.0890764 | R7: 0.25092358 | S7: 0.25092358 | T7: 5 | U7: =R7^2 -> 0.062962644
A8: 415940.36 | B8: 9648775.5 | C8: 565.5 | D8: 0 | E8: 0.68080819 | F8: -0.68080819 | G8: 0.68080819 | H8: 4 | I8: =F8^2 -> 0.46349979 | M8: 416240.36 | N8: 9648725.5 | O8: 537.522 | P8: 1.34 | Q8: 1.1490194 | R8: 0.19098061 | S8: 0.19098061 | T8: 5 | U8: =R8^2 -> 0.036473592
A9: 415940.36 | B9: 9648775.5 | C9: 564.5 | D9: 0 | E9: 0.81132552 | F9: -0.81132552 | G9: 0.81132552 | H9: 4 | I9: =F9^2 -> 0.65824911 | M9: 416040.36 | N9: 9648525.5 | O9: 558.021 | P9: 1.34 | Q9: 1.2718127 | R9: 0.068187262 | S9: 0.068187262 | T9: 5 | U9: =R9^2 -> 0.0046495026
A10: 416188.19 | B10: 9648677.7 | C10: 562.731 | D10: 0 | E10: 0.89321705 | F10: -0.89321705 | G10: 0.89321705 | H10: 7 | I10: =F10^2 -> 0.79783669 | M10: 416144.13 | N10: 9648623 | O10: 558.919 | P10: 1.34 | Q10: 1.0968174 | R10: 0.24318257 | S10: 0.24318257 | T10: 5 | U10: =R10^2 -> 0.059137761
A11: 416190.36 | B11: 9648475.5 | C11: 527.852 | D11: 0.09 | E11: 0.68639215 | F11: -0.59639215 | G11: 0.59639215 | H11: 5 | I11: =F11^2 -> 0.3556836 | M11: 415995.96 | N11: 9648731.1 | O11: 554.705 | P11: 1.34 | Q11: 1.0001958 | R11: 0.33980422 | S11: 0.33980422 | T11: 5 | U11: =R11^2 -> 0.11546691
A12: 416190.36 | B12: 9648475.5 | C12: 525.852 | D12: 0.1 | E12: 0.62095255 | F12: -0.52095255 | G12: 0.52095255 | H12: 5 | I12: =F12^2 -> 0.27139156 | M12: 416137.46 | N12: 9648672 | O12: 568.06 | P12: 1.34 | Q12: 1.1063629 | R12: 0.23363706 | S12: 0.23363706 | T12: 5 | U12: =R12^2 -> 0.054586277
A13: 416190.36 | B13: 9648775.5 | C13: 557.935 | D13: 0.1046 | E13: 0.80091048 | F13: -0.69631048 | G13: 0.69631048 | H13: 5 | I13: =F13^2 -> 0.48484829 | M13: 415890.36 | N13: 9648675.5 | O13: 544.82 | P13: 1.35 | Q13: 1.134 | R13: 0.216 | S13: 0.216 | T13: 1 | U13: =R13^2 -> 0.046656
A14: 416090.36 | B14: 9648475.5 | C14: 541.519 | D14: 0.11 | E14: 0.80033817 | F14: -0.69033817 | G14: 0.69033817 | H14: 6 | I14: =F14^2 -> 0.47656679 | M14: 415890.36 | N14: 9648675.5 | O14: 543.82 | P14: 1.35 | Q14: 1.1795142 | R14: 0.17048583 | S14: 0.17048583 | T14: 1 | U14: =R14^2 -> 0.029065418
A15: 416190.36 | B15: 9648475.5 | C15: 523.852 | D15: 0.11 | E15: 0.60533724 | F15: -0.49533724 | G15: 0.49533724 | H15: 5 | I15: =F15^2 -> 0.24535898 | M15: 416096.27 | N15: 9648522.9 | O15: 541.982 | P15: 1.35 | Q15: 1.2146931 | R15: 0.13530691 | S15: 0.13530691 | T15: 5 | U15: =R15^2 -> 0.01830796
... A107: 416092.77 | B107: 9648628.6 | C107: 575.366 | D107: 0.68 | E107: 1.0947024 | F107: -0.41470241 | G107: 0.41470241 | H107: 5 | I107: =F107^2 -> 0.17197809 | M107: 416137.46 | N107: 9648672 | O107: 561.06 | P107: 1.841 | Q107: 1.1780446 | R107: 0.66295537 | S107: 0.66295537 | T107: 6 | U107: =R107^2 -> 0.43950982
A108: 416193.65 | B108: 9648527.1 | C108: 533.811 | D108: 0.69 | E108: 1.0510706 | F108: -0.36107062 | G108: 0.36107062 | H108: 5 | I108: =F108^2 -> 0.13037199
A109: 416240.36 | B109: 9648525.5 | C109: 527.535 | D109: 0.7 | E109: 1.032613 | F109: -0.33261298 | G109: 0.33261298 | H109: 4 | I109: =F109^2 -> 0.1106314
A110: 416090.36 | B110: 9648775.5 | C110: 568.309 | D110: 0.7 | E110: 0.93560433 | F110: -0.23560433 | G110: 0.23560433 | H110: 3 | I110: =F110^2 -> 0.055509402
A111: 416090.36 | B111: 9648775.5 | C111: 567.309 | D111: 0.7 | E111: 0.95753758 | F111: -0.25753758 | G111: 0.25753758 | H111: 3 | I111: =F111^2 -> 0.066325607
A112: 415990.36 | B112: 9648675.5 | C112: 552.588 | D112: 0.71 | E112: 0.76321728 | F112: -0.05321728 | G112: 0.05321728 | H112: 2 | I112: =F112^2 -> 0.0028320789
A113: 416092.77 | B113: 9648628.6 | C113: 569.366 | D113: 0.71 | E113: 1.114619 | F113: -0.40461897 | G113: 0.40461897 | H113: 5 | I113: =F113^2 -> 0.16371651
A114: 416240.36 | B114: 9648775.5 | C114: 526.143 | D114: 0.717 | E114: 0.81073404 | F114: -0.093734045 | G114: 0.093734045 | H114: 3 | I114: =F114^2 -> 0.0087860712
A115: 415990.36 | B115: 9648775.5 | C115: 562.368 | D115: 0.72 | E115: 0.9040082 | F115: -0.1840082 | G115: 0.1840082 | H115: 4 | I115: =F115^2 -> 0.033859016
A116: 415940.36 | B116: 9648675.5 | C116: 549.769 | D116: 0.72 | E116: 0.93764359 | F116: -0.21764359 | G116: 0.21764359 | H116: 3 | I116: =F116^2 -> 0.047368733
A117: 416193.65 | B117: 9648527.1 | C117: 525.811 | D117: 0.72 | E117: 1.1194168 | F117: -0.39941678 | G117: 0.39941678 | H117: 6 | I117: =F117^2 -> 0.15953376
A118: 416188.19 | B118: 9648677.7 | C118: 560.731 | D118: 0.72 | E118: 0.91146232 | F118: -0.19146232 | G118: 0.19146232 | H118: 7 | I118: =F118^2 -> 0.036657819
A119: 416190.36 | B119: 9648775.5 | C119: 550.935 | D119: 0.7253 | E119: 0.9775457 | F119: -0.2522457 | G119: 0.2522457 | H119: 5 | I119: =F119^2 -> 0.063627894
... A403: 416193.71 | B403: 9648627.2 | C403: 554.68 | D403: 1.32 | E403: 1.1421418 | F403: 0.17785819 | G403: 0.17785819 | H403: 6 | I403: =F403^2 -> 0.031633537

Sheet LIM P1
A1: EAST | B1: NORTH | C1: RL | D1: Ni | E1: ESTIMATE | F1: RESIDUAL | G1: SIZE | H1: HOLE | I1: (X-Y)^2
A2: 415990.36 | B2: 9648775.5 | C2: 564.368 | D2: 0.77 | E2: 0.92 | F2: -0.14943603 | G2: 0.14943603 | H2: 3 | I2: =F2^2 -> 0.022331127
A3: 415990.36 | B3: 9648775.5 | C3: 563.368 | D3: 0.84 | E3: 0.88 | F3: -0.041997033 | G3: 0.041997033 | H3: 4 | I3: =F3^2 -> 0.0017637508
A4: 415990.36 | B4: 9648775.5 | C4: 562.368 | D4: 0.72 | E4: 0.9 | F4: -0.1840082 | G4: 0.1840082 | H4: 4 | I4: =F4^2 -> 0.033859016
A5: 415990.36 | B5: 9648775.5 | C5: 561.368 | D5: 0.89 | E5: 0.87 | F5: 0.024066062 | G5: 0.024066062 | H5: 4 | I5: =F5^2 -> 0.00057917534
A6: 415990.36 | B6: 9648775.5 | C6: 560.368 | D6: 0.87 | E6: 0.9 | F6: -0.027431645 | G6: 0.027431645 | H6: 4 | I6: =F6^2 -> 0.00075249512
A7: 415990.36 | B7: 9648775.5 | C7: 559.368 | D7: 0.98 | E7: 0.93 | F7: 0.052599285 | G7: 0.052599285 | H7: 4 | I7: =F7^2 -> 0.0027666847
A8: 415990.36 | B8: 9648775.5 | C8: 558.368 | D8: 1.29 | E8: 1.04 | F8: 0.25302029 | G8: 0.35302029 | H8: 5 | I8: =F8^2 -> 0.064019265
A9: 415990.36 | B9: 9648775.5 | C9: 557.368 | D9: 1.42 | E9: 1.2 | F9: 0.22478374 | G9: 0.52478374 | H9: 5 | I9: =F9^2 -> 0.050527729
A10: 415990.36 | B10: 9648775.5 | C10: 556.368 | D10: 0.98 | E10: 0.92 | F10: 0.055356487 | G10: 0.055356487 | H10: 5 | I10: =F10^2 -> 0.0030643407
A11: 416044.85 | B11: 9648725.6 | C11: 560.837 | D11: 1.36 | E11: 1.08 | F11: 0.28355128 | G11: 0.28355128 | H11: 3 | I11: =F11^2 -> 0.080401328
A12: 416044.85 | B12: 9648725.6 | C12: 559.837 | D12: 1.16 | E12: 1.08 | F12: 0.076142891 | G12: 0.076142891 | H12: 3 | I12: =F12^2 -> 0.0057977399
A13: 416044.85 | B13: 9648725.6 | C13: 558.837 | D13: 0.74 | E13: 0.95 | F13: -0.21344091 | G13: 0.41344091 | H13: 3 | I13: =F13^2 -> 0.045557023
... A507: 416188.19 | B507: 9648677.7 | C507: 549.731 | D507: 0.46 | E507: 0.75 | F507: -0.29097278 | G507: 0.69097278 | H507: 7 | I507: =F507^2 -> 0.084665157

Sheet LIM P2
A1: EAST | B1: NORTH | C1: RL | D1: Ni | E1: ESTIMATE | F1: RESIDUAL | G1: SIZE | H1: HOLE | I1: (X-Y)^2
A2: 415990.36 | B2: 9648775.5 | C2: 564.368 | D2: 0.77 | E2: 0.87 | F2: -0.10148377 | G2: 0.10148377 | H2: 3 | I2: =F2^2 -> 0.010298955
A3: 415990.36 | B3: 9648775.5 | C3: 563.368 | D3: 0.84 | E3: 0.81 | F3: 0.030461867 | G3: 0.030461867 | H3: 4 | I3: =F3^2 -> 0.00092792533
A4: 415990.36 | B4: 9648775.5 | C4: 562.368 | D4: 0.72 | E4: 0.88 | F4: -0.16393665 | G4: 0.16393665 | H4: 4 | I4: =F4^2 -> 0.026875227
A5: 415990.36 | B5: 9648775.5 | C5: 561.368 | D5: 0.89 | E5: 0.85 | F5: 0.042397765 | G5: 0.042397765 | H5: 4 | I5: =F5^2 -> 0.0017975705
A6: 415990.36 | B6: 9648775.5 | C6: 560.368 | D6: 0.87 | E6: 0.94 | F6: -0.069636563 | G6: 0.069636563 | H6: 4 | I6: =F6^2 -> 0.0048492509
A7: 415990.36 | B7: 9648775.5 | C7: 559.368 | D7: 0.98 | E7: 1.03 | F7: -0.047323358 | G7: 0.047323358 | H7: 4 | I7: =F7^2 -> 0.0022395002
A8: 415990.36 | B8: 9648775.5 | C8: 558.368 | D8: 1.29 | E8: 1.17 | F8: 0.1249429 | G8: 0.2249429 | H8: 5 | I8: =F8^2 -> 0.015610727
A9: 415990.36 | B9: 9648775.5 | C9: 557.368 | D9: 1.42 | E9: 1.22 | F9: 0.19987302 | G9: 0.39987302 | H9: 5 | I9: =F9^2 -> 0.039949226
A10: 415990.36 | B10: 9648775.5 | C10: 556.368 | D10: 0.98 | E10: 1.13 | F10: -0.147577 | G10: 0.147577 | H10: 5 | I10: =F10^2 -> 0.021778971
A11: 416044.85 | B11: 9648725.6 | C11: 560.837 | D11: 1.36 | E11: 1.2 | F11: 0.16009146 | G11: 0.26009146 | H11: 3 | I11: =F11^2 -> 0.025629276
A12: 416044.85 | B12: 9648725.6 | C12: 559.837 | D12: 1.16 | E12: 1.09 | F12: 0.071583917 | G12: 0.071583917 | H12: 3 | I12: =F12^2 -> 0.0051242572
A13: 416044.85 | B13: 9648725.6 | C13: 558.837 | D13: 0.74 | E13: 0.93 | F13: -0.19071456 | G13: 0.49071456 | H13: 3 | I13: =F13^2 -> 0.036372045
... A507: 416188.19 | B507: 9648677.7 | C507: 549.731 | D507: 0.46 | E507: 0.58 | F507: -0.12440791 | G507: 0.42440791 | H507: 7 | I507: =F507^2 -> 0.015477329

Sheet LIM P3
A1: EAST | B1: NORTH | C1: RL | D1: Ni | E1: ESTIMATE | F1: RESIDUAL | G1: SIZE | H1: HOLE | I1: (X-Y)^2
A2: 415990.36 | B2: 9648775.5 | C2: 564.368 | D2: 0.77 | E2: 0.84 | F2: -0.073998163 | G2: 0.073998163 | H2: 3 | I2: =F2^2 -> 0.0054757281
A3: 415990.36 | B3: 9648775.5 | C3: 563.368 | D3: 0.84 | E3: 0.77 | F3: 0.072197562 | G3: 0.072197562 | H3: 4 | I3: =F3^2 -> 0.0052124879
A4: 415990.36 | B4: 9648775.5 | C4: 562.368 | D4: 0.72 | E4: 0.87 | F4: -0.14932052 | G4: 0.14932052 | H4: 4 | I4: =F4^2 -> 0.022296617
A5: 415990.36 | B5: 9648775.5 | C5: 561.368 | D5: 0.89 | E5: 0.82 | F5: 0.069544953 | G5: 0.069544953 | H5: 4 | I5: =F5^2 -> 0.0048365005
A6: 415990.36 | B6: 9648775.5 | C6: 560.368 | D6: 0.87 | E6: 0.94 | F6: -0.074294547 | G6: 0.074294547 | H6: 4 | I6: =F6^2 -> 0.0055196798
A7: 415990.36 | B7: 9648775.5 | C7: 559.368 | D7: 0.98 | E7: 1.07 | F7: -0.089575307 | G7: 0.089575307 | H7: 4 | I7: =F7^2 -> 0.0080237356
A8: 415990.36 | B8: 9648775.5 | C8: 558.368 | D8: 1.29 | E8: 1.15 | F8: 0.14379088 | G8: 0.14379088 | H8: 5 | I8: =F8^2 -> 0.020675816
A9: 415990.36 | B9: 9648775.5 | C9: 557.368 | D9: 1.42 | E9: 1.2 | F9: 0.22182423 | G9: 0.32182423 | H9: 5 | I9: =F9^2 -> 0.049205991
A10: 415990.36 | B10: 9648775.5 | C10: 556.368 | D10: 0.98 | E10: 1.21 | F10: -0.2347872 | G10: 0.3347872 | H10: 5 | I10: =F10^2 -> 0.055125028
A11: 416044.85 | B11: 9648725.6 | C11: 560.837 | D11: 1.36 | E11: 1.12 | F11: 0.23844104 | G11: 0.23844104 | H11: 3 | I11: =F11^2 -> 0.056854129
A12: 416044.85 | B12: 9648725.6 | C12: 559.837 | D12: 1.16 | E12: 1.07 | F12: 0.089457058 | G12: 0.089457058 | H12: 3 | I12: =F12^2 -> 0.0080025653
A13: 416044.85 | B13: 9648725.6 | C13: 558.837 | D13: 0.74 | E13: 1.04 | F13: -0.29575335 | G13: 0.49575335 | H13: 3 | I13: =F13^2 -> 0.087470044
... A507: 416188.19 | B507: 9648677.7 | C507: 549.731 | D507: 0.46 | E507: 0.56 | F507: -0.098684456 | G507: 0.098684456 | H507: 7 | I507: =F507^2 -> 0.0097386218

Sheet LIM P4
A1: EAST | B1: NORTH | C1: RL | D1: Ni | E1: ESTIMATE | F1: RESIDUAL | G1: SIZE | H1: HOLE | I1: (X-Y)^2
A2: 415990.36 | B2: 9648775.5 | C2: 564.368 | D2: 0.77 | E2: 0.84 | F2: -0.067521325 | G2: 0.067521325 | H2: 3 | I2: =F2^2 -> 0.0045591293
A3: 415990.36 | B3: 9648775.5 | C3: 563.368 | D3: 0.84 | E3: 0.75 | F3: 0.08691275 | G3: 0.08691275 | H3: 4 | I3: =F3^2 -> 0.0075538261
A4: 415990.36 | B4: 9648775.5 | C4: 562.368 | D4: 0.72 | E4: 0.86 | F4: -0.14498503 | G4: 0.14498503 | H4: 4 | I4: =F4^2 -> 0.02102066
A5: 415990.36 | B5: 9648775.5 | C5: 561.368 | D5: 0.89 | E5: 0.81 | F5: 0.083963244 | G5: 0.083963244 | H5: 4 | I5: =F5^2 -> 0.0070498264
A6: 415990.36 | B6: 9648775.5 | C6: 560.368 | D6: 0.87 | E6: 0.94 | F6: -0.070553141 | G6: 0.070553141 | H6: 4 | I6: =F6^2 -> 0.0049777457
A7: 415990.36 | B7: 9648775.5 | C7: 559.368 | D7: 0.98 | E7: 1.08 | F7: -0.099469446 | G7: 0.099469446 | H7: 4 | I7: =F7^2 -> 0.0098941707
A8: 415990.36 | B8: 9648775.5 | C8: 558.368 | D8: 1.29 | E8: 1.18 | F8: 0.11204957 | G8: 0.11204957 | H8: 5 | I8: =F8^2 -> 0.012555107
A9: 415990.36 | B9: 9648775.5 | C9: 557.368 | D9: 1.42 | E9: 1.12 | F9: 0.29649298 | G9: 0.29649298 | H9: 5 | I9: =F9^2 -> 0.087908089
A10: 415990.36 | B10: 9648775.5 | C10: 556.368 | D10: 0.98 | E10: 1.19 | F10: -0.20828595 | G10: 0.40828595 | H10: 5 | I10: =F10^2 -> 0.043383038
A11: 416044.85 | B11: 9648725.6 | C11: 560.837 | D11: 1.36 | E11: 1.14 | F11: 0.22214414 | G11: 0.22214414 | H11: 3 | I11: =F11^2 -> 0.04934802
A12: 416044.85 | B12: 9648725.6 | C12: 559.837 | D12: 1.16 | E12: 1.06 | F12: 0.10053547 | G12: 0.10053547 | H12: 3 | I12: =F12^2 -> 0.010107381
A13: 416044.85 | B13: 9648725.6 | C13: 558.837 | D13: 0.74 | E13: 1.03 | F13: -0.28894903 | G13: 0.48894903 | H13: 3 | I13: =F13^2 -> 0.083491541
... A507: 416188.19 | B507: 9648677.7 | C507: 549.731 | D507: 0.46 | E507: 0.39 | F507: 0.066781338 | G507: 0.066781338 | H507: 7 | I507: =F507^2 -> 0.0044597471

Sheet LIM P5
A1: EAST | B1: NORTH | C1: RL | D1: Ni | E1: ESTIMATE | F1: RESIDUAL | G1: SIZE | H1: HOLE | I1: (X-Y)^2
A2: 415990.36 | B2: 9648775.5 | C2: 564.368 | D2: 0.77 | E2: 0.84 | F2: -0.067539506 | G2: 0.067539506 | H2: 3 | I2: =F2^2 -> 0.0045615849
A3: 415990.36 | B3: 9648775.5 | C3: 563.368 | D3: 0.84 | E3: 0.75 | F3: 0.09182721 | G3: 0.09182721 | H3: 4 | I3: =F3^2 -> 0.0084322366
A4: 415990.36 | B4: 9648775.5 | C4: 562.368 | D4: 0.72 | E4: 0.86 | F4: -0.14434642 | G4: 0.14434642 | H4: 4 | I4: =F4^2 -> 0.020835889
A5: 415990.36 | B5: 9648775.5 | C5: 561.368 | D5: 0.89 | E5: 0.8 | F5: 0.090170037 | G5: 0.090170037 | H5: 4 | I5: =F5^2 -> 0.0081306356
A6: 415990.36 | B6: 9648775.5 | C6: 560.368 | D6: 0.87 | E6: 0.94 | F6: -0.067754506 | G6: 0.067754506 | H6: 4 | I6: =F6^2 -> 0.004590673
A7: 415990.36 | B7: 9648775.5 | C7: 559.368 | D7: 0.98 | E7: 1.08 | F7: -0.1009075 | G7: 0.1009075 | H7: 4 | I7: =F7^2 -> 0.010182323
A8: 415990.36 | B8: 9648775.5 | C8: 558.368 | D8: 1.29 | E8: 1.19 | F8: 0.09982112 | G8: 0.09982112 | H8: 5 | I8: =F8^2 -> 0.0099642561
A9: 415990.36 | B9: 9648775.5 | C9: 557.368 | D9: 1.42 | E9: 1.13 | F9: 0.28905238 | G9: 0.28905238 | H9: 5 | I9: =F9^2 -> 0.083551277
A10: 415990.36 | B10: 9648775.5 | C10: 556.368 | D10: 0.98 | E10: 1.21 | F10: -0.22995012 | G10: 0.42995012 | H10: 5 | I10: =F10^2 -> 0.052877058
A11: 416044.85 | B11: 9648725.6 | C11: 560.837 | D11: 1.36 | E11: 1.15 | F11: 0.21195673 | G11: 0.21195673 | H11: 3 | I11: =F11^2 -> 0.044925656
A12: 416044.85 | B12: 9648725.6 | C12: 559.837 | D12: 1.16 | E12: 1.05 | F12: 0.10565889 | G12: 0.10565889 | H12: 3 | I12: =F12^2 -> 0.011163802
A13: 416044.85 | B13: 9648725.6 | C13: 558.837 | D13: 0.74 | E13: 1.02 | F13: -0.28441644 | G13: 0.48441644 | H13: 3 | I13: =F13^2 -> 0.080892713
... A507: 416188.19 | B507: 9648677.7 | C507: 549.731 | D507: 0.46 | E507: 0.33 | F507: 0.1311984 | G507: 0.1311984 | H507: 7 | I507: =F507^2 -> 0.017213021

Sheet RMSE SAP
A1: EAST | B1: NORTH | C1: RL | D1: SELISIH | I1: SELISIH KUADRAT | N1: RATA-RATA SELISIH KUADRAT
D2: POWER 1 | E2: POWER 2 | F2: POWER 3 | G2: POWER 4 | H2: POWER 5 | I2: POWER 1 | J2: POWER 2 | K2: POWER 3 | L2: POWER 4 | M2: POWER 5 | N2: POWER 1 | O2: POWER 2 | P2: POWER 3 | Q2: POWER 4 | R2: POWER 5
A3: 415990.36 | B3: 9648775.5 | C3: 555.368 | D3: ='SAP P1'!F2 -> -0.15371622 | E3: ='SAP P2'!F2 -> -0.04774187 | F3: ='SAP P3'!F2 -> 0.0012233511 | G3: ='SAP P4'!F2 -> 0.012581785 | H3: ='SAP P5'!F2 -> 0.011451075 | I3: =D3^2 -> 0.023628677 | J3: =E3^2 -> 0.0022792861 | K3: =F3^2 -> 1.4965879e-06 | L3: =G3^2 -> 0.00015830132 | M3: =H3^2 -> 0.00013112711 | N3: =AVERAGE(I3:I360) -> 0.044079949 | O3: =AVERAGE(J3:J360) -> 0.039799056 | P3: =AVERAGE(K3:K360) -> 0.037329907 | Q3: =AVERAGE(L3:L360) -> 0.037553964 | R3: =AVERAGE(M3:M360) -> 0.041447408
A4: 415990.36 | B4: 9648775.5 | C4: 554.368 | D4: ='SAP P1'!F3 -> -0.16488021 | E4: ='SAP P2'!F3 -> 0.027161422 | F4: ='SAP P3'!F3 -> 0.13999015 | G4: ='SAP P4'!F3 -> 0.18918912 | H4: ='SAP P5'!F3 -> 0.20855336 | I4: =D4^2 -> 0.027185485 | J4: =E4^2 -> 0.00073774285 | K4: =F4^2 -> 0.019597243 | L4: =G4^2 -> 0.035792524 | M4: =H4^2 -> 0.043494503
A5: 415990.36 | B5: 9648775.5 | C5: 553.368 | D5: ='SAP P1'!F4 -> -0.27375176 | E5: ='SAP P2'!F4 -> -0.27180689 | F5: ='SAP P3'!F4 -> -0.21492877 | G5: ='SAP P4'!F4 -> -0.29398107 | H5: ='SAP P5'!F4 -> -0.28838131 | I5: =D5^2 -> 0.074940029 | J5: =E5^2 -> 0.073878986 | K5: =F5^2 -> 0.046194377 | L5: =G5^2 -> 0.08642487 | M5: =H5^2 -> 0.083163781 | N5: RMSE
A6: 415990.36 | B6: 9648775.5 | C6: 552.368 | D6: ='SAP P1'!F5 -> 0.019137696 | E6: ='SAP P2'!F5 -> 0.23211814 | F6: ='SAP P3'!F5 -> 0.28944787 | G6: ='SAP P4'!F5 -> 0.26827849 | H6: ='SAP P5'!F5 -> 0.20028105 | I6: =D6^2 -> 0.0003662514 | J6: =E6^2 -> 0.053878831 | K6: =F6^2 -> 0.083780071 | L6: =G6^2 -> 0.071973349 | M6: =H6^2 -> 0.040112499 | N6: POWER 1 | O6: POWER 2 | P6: POWER 3 | Q6: POWER 4 | R6: POWER 5
A7: 415990.36 | B7: 9648775.5 | C7: 551.368 | D7: ='SAP P1'!F6 -> -0.20394574 | E7: ='SAP P2'!F6 -> -0.28756969 | F7: ='SAP P3'!F6 -> -0.20139385 | G7: ='SAP P4'!F6 -> -0.15991917 | H7: ='SAP P5'!F6 -> -0.14502279 | I7: =D7^2 -> 0.041593865 | J7: =E7^2 -> 0.082696328 | K7: =F7^2 -> 0.040559481 | L7: =G7^2 -> 0.02557414 | M7: =H7^2 -> 0.02103161 | N7: =SQRT(N3) -> 0.20995225 | O7: =SQRT(O3) -> 0.19949701 | P7: =SQRT(P3) -> 0.19320949 | Q7: =SQRT(Q3) -> 0.19378845 | R7: =SQRT(R3) -> 0.20358637
A8: 415990.36 | B8: 9648775.5 | C8: 550.368 | D8: ='SAP P1'!F7 -> -0.26304409 | E8: ='SAP P2'!F7 -> -0.25157065 | F8: ='SAP P3'!F7 -> -0.24457149 | G8: ='SAP P4'!F7 -> -0.17904457 | H8: ='SAP P5'!F7 -> -0.14848981 | I8: =D8^2 -> 0.069192195 | J8: =E8^2 -> 0.063287791 | K8: =F8^2 -> 0.059815212 | L8: =G8^2 -> 0.03205696 | M8: =H8^2 -> 0.022049224
A9: 415990.36 | B9: 9648775.5 | C9: 549.368 | D9: ='SAP P1'!F8 -> -0.27903085 | E9: ='SAP P2'!F8 -> -0.16973984 | F9: ='SAP P3'!F8 -> -0.022575125 | G9: ='SAP P4'!F8 -> 0.10176878 | H9: ='SAP P5'!F8 -> 0.17253946 | I9: =D9^2 -> 0.077858215 | J9: =E9^2 -> 0.028811614 | K9: =F9^2 -> 0.00050963625 | L9: =G9^2 -> 0.010356884 | M9: =H9^2 -> 0.029769867
A10: 416044.85 | B10: 9648725.6 | C10: 554.837 | D10: ='SAP P1'!F9 -> 0.21293239 | E10: ='SAP P2'!F9 -> 0.23183033 | F10: ='SAP P3'!F9 -> 0.22492781 | G10: ='SAP P4'!F9 -> 0.13699656 | H10: ='SAP P5'!F9 -> 0.085830132 | I10: =D10^2 -> 0.045340201 | J10: =E10^2 -> 0.053745302 | K10: =F10^2 -> 0.050592518 | L10: =G10^2 -> 0.018768058 | M10: =H10^2 -> 0.0073668116
A11: 416044.85 | B11: 9648725.6 | C11: 553.837 | D11: ='SAP P1'!F10 -> 0.21719593 | E11: ='SAP P2'!F10 -> 0.20070798 | F11: ='SAP P3'!F10 -> 0.29788175 | G11: ='SAP P4'!F10 -> 0.20222632 | H11: ='SAP P5'!F10 -> 0.20714689 | I11: =D11^2 -> 0.047174072 | J11: =E11^2 -> 0.040283692 | K11: =F11^2 -> 0.088733536 | L11: =G11^2 -> 0.040895484 | M11: =H11^2 -> 0.042909832
A12: 416044.85 | B12: 9648725.6 | C12: 552.837 | D12: ='SAP P1'!F11 -> -0.25381271 | E12: ='SAP P2'!F11 -> -0.29844305 | F12: ='SAP P3'!F11 -> -0.20783823 | G12: ='SAP P4'!F11 -> -0.26469697 | H12: ='SAP P5'!F11 -> -0.28902274 | I12: =D12^2 -> 0.064420894 | J12: =E12^2 -> 0.089068255 | K12: =F12^2 -> 0.043196731 | L12: =G12^2 -> 0.070064486 | M12: =H12^2 -> 0.083534143
A13: 415890.36 | B13: 9648775.5 | C13: 551.418 | D13: ='SAP P1'!F12 -> -0.084860064 | E13: ='SAP P2'!F12 -> -0.05012106 | F13: ='SAP P3'!F12 -> -0.020163822 | G13: ='SAP P4'!F12 -> -0.0049942433 | H13: ='SAP P5'!F12 -> -1.5227516e-05 | I13: =D13^2 -> 0.0072012304 | J13: =E13^2 -> 0.0025121207 | K13: =F13^2 -> 0.00040657973 | L13: =G13^2 -> 2.4942466e-05 | M13: =H13^2 -> 2.3187724e-10
A14: 415890.36 | B14: 9648775.5 | C14: 550.418 | D14: ='SAP P1'!F13 -> -0.056092868 | E14: ='SAP P2'!F13 -> 0.013211581 | F14: ='SAP P3'!F13 -> 0.064693719 | G14: ='SAP P4'!F13 -> 0.090113115 | H14: ='SAP P5'!F13 -> 0.10000082 | I14: =D14^2 -> 0.0031464099 | J14: =E14^2 -> 0.00017454588 | K14: =F14^2 -> 0.0041852772 | L14: =G14^2 -> 0.0081203736 | M14: =H14^2 -> 0.010000164
A15: 415890.36 | B15: 9648775.5 | C15: 549.418 | D15: ='SAP P1'!F14 -> -0.22631215 | E15: ='SAP P2'!F14 -> -0.18204602 | F15: ='SAP P3'!F14 -> -0.14487775 | G15: ='SAP P4'!F14 -> -0.12535571 | H15: ='SAP P5'!F14 -> -0.117842 | I15: =D15^2 -> 0.051217188 | J15: =E15^2 -> 0.033140754 | K15: =F15^2 -> 0.020989562 | L15: =G15^2 -> 0.015714054 | M15: =H15^2 -> 0.013886737
A16: 415890.36 | B16: 9648775.5 | C16: 548.418 | D16: ='SAP P1'!F15 -> -0.12563884 | E16: ='SAP P2'!F15 -> -0.050061617 | F16: ='SAP P3'!F15 -> 0.023553142 | G16: ='SAP P4'!F15 -> 0.070669545 | H16: ='SAP P5'!F15 -> 0.094250912 | I16: =D16^2 -> 0.015785118 | J16: =E16^2 -> 0.0025061654 | K16: =F16^2 -> 0.00055475048 | L16: =G16^2 -> 0.0049941846 | M16: =H16^2 -> 0.0088832343
A17: 415890.36 | B17: 9648775.5 | C17: 547.418 | D17: ='SAP P1'!F16 -> -0.21627787 | E17: ='SAP P2'!F16 -> -0.21868239 | F17: ='SAP P3'!F16 -> -0.24162193 | G17: ='SAP P4'!F16 -> -0.26528167 | H17: ='SAP P5'!F16 -> -0.38072283 | I17: =D17^2 -> 0.046776115 | J17: =E17^2 -> 0.047821989 | K17: =F17^2 -> 0.058381156 | L17: =G17^2 -> 0.070374363 | M17: =H17^2 -> 0.14494988
A18: 415890.36 | B18: 9648775.5 | C18: 546.418 | D18: ='SAP P1'!F17 -> 0.26074128 | E18: ='SAP P2'!F17 -> 0.28508878 | F18: ='SAP P3'!F17 -> 0.27833796 | G18: ='SAP P4'!F17 -> 0.22632671 | H18: ='SAP P5'!F17 -> 0.24622789 | I18: =D18^2 -> 0.067986017 | J18: =E18^2 -> 0.081275614 | K18: =F18^2 -> 0.077472019 | L18: =G18^2 -> 0.05122378 | M18: =H18^2 -> 0.060628174
A19: 415890.36 | B19: 9648775.5 | C19: 545.418 | D19: ='SAP P1'!F18 -> -0.2311728 | E19: ='SAP P2'!F18 -> -0.20277369 | F19: ='SAP P3'!F18 -> -0.28608823 | G19: ='SAP P4'!F18 -> -0.27988828 | H19: ='SAP P5'!F18 -> -0.47843354 | I19: =D19^2 -> 0.053440865 | J19: =E19^2 -> 0.04111717 | K19: =F19^2 -> 0.081846478 | L19: =G19^2 -> 0.078337451 | M19: =H19^2 -> 0.22889865
... A360: 416190.36 | B360: 9648775.5 | C360: 530.935 | D360: ='SAP P1'!F359 -> 0.27776667 | E360: ='SAP P2'!F359 -> 0.1377 | F360: ='SAP P3'!F359 -> 0.21098889 | G360: ='SAP P4'!F359 -> 0.21292353 | H360: ='SAP P5'!F359 -> 0.26852424 | I360: =D360^2 -> 0.077154321 | J360: =E360^2 -> 0.01896129 | K360: =F360^2 -> 0.044516311 | L360: =G360^2 -> 0.045336429 | M360: =H360^2 -> 0.072105269

Sheet SAP P1
A1: EAST | B1: NORTH | C1: RL | D1: Ni | E1: ESTIMATE | F1: RESIDUAL | G1: SIZE | H1: HOLE | I1: (X-Y)^2
A2: 415990.36 | B2: 9648775.5 | C2: 555.368 | D2: 0.81 | E2: 0.96371622 | F2: -0.15371622 | G2: 0.15371622 | H2: 2 | I2: =F2^2 -> 0.023628677
A3: 415990.36 | B3: 9648775.5 | C3: 554.368 | D3: 0.8068 | E3: 0.97168021 | F3: -0.16488021 | G3: 0.16488021 | H3: 3 | I3: =F3^2 -> 0.027185485
A4: 415990.36 | B4: 9648775.5 | C4: 553.368 | D4: 0.36 | E4: 0.63375176 | F4: -0.27375176 | G4: 0.77375176 | H4: 3 | I4: =F4^2 -> 0.074940029
A5: 415990.36 | B5: 9648775.5 | C5: 552.368 | D5: 1.09 | E5: 1.0708623 | F5: 0.019137696 | G5: 0.019137696 | H5: 5 | I5: =F5^2 -> 0.0003662514
A6: 415990.36 | B6: 9648775.5 | C6: 551.368 | D6: 0.78 | E6: 0.98394574 | F6: -0.20394574 | G6: 0.40394574 | H6: 5 | I6: =F6^2 -> 0.041593865
A7: 415990.36 | B7: 9648775.5 | C7: 550.368 | D7: 0.75 | E7: 1.0130441 | F7: -0.26304409 | G7: 0.46304409 | H7: 5 | I7: =F7^2 -> 0.069192195
A8: 415990.36 | B8: 9648775.5 | C8: 549.368 | D8: 0.9748 | E8: 1.2538308 | F8: -0.27903085 | G8: 0.27903085 | H8: 5 | I8: =F8^2 -> 0.077858215
A9: 416044.85 | B9: 9648725.6 | C9: 554.837 | D9: 1.73 | E9: 1.5170676 | F9: 0.21293239 | G9: 0.41293239 | H9: 4 | I9: =F9^2 -> 0.045340201
A10: 416044.85 | B10: 9648725.6 | C10: 553.837 | D10: 1.69 | E10: 1.4728041 | F10: 0.21719593 | G10: 0.41719593 | H10: 3 | I10: =F10^2 -> 0.047174072
A11: 416044.85 | B11: 9648725.6 | C11: 552.837 | D11: 0.82 | E11: 1.0738127 | F11: -0.25381271 | G11: 0.65381271 | H11: 3 | I11: =F11^2 -> 0.064420894
A12: 415890.36 | B12: 9648775.5 | C12: 551.418 | D12: 1.2 | E12: 1.2848601 | F12: -0.084860064 | G12: 0.084860064 | H12: 3 | I12: =F12^2 -> 0.0072012304
A13: 415890.36 | B13: 9648775.5 | C13: 550.418 | D13: 1.2 | E13: 1.2560929 | F13: -0.056092868 | G13: 0.056092868 | H13: 3 | I13: =F13^2 -> 0.0031464099
... A359: 416190.36 | B359: 9648775.5 | C359: 530.935 | D359: 1.7267 | E359: 1.4489333 | F359: 0.27776667 | G359: 0.87776667 | H359: 1 | I359: =F359^2 -> 0.077154321

Sheet SAP P2
A1: EAST | B1: NORTH | C1: RL | D1: Ni | E1: ESTIMATE | F1: RESIDUAL | G1: SIZE | H1: HOLE | I1: (X-Y)^2
A2: 415990.36 | B2: 9648775.5 | C2: 555.368 | D2: 0.81 | E2: 0.85774187 | F2: -0.04774187 | G2: 0.04774187 | H2: 2 | I2: =F2^2 -> 0.0022792861
A3: 415990.36 | B3: 9648775.5 | C3: 554.368 | D3: 0.8068 | E3: 0.77963858 | F3: 0.027161422 | G3: 0.027161422 | H3: 3 | I3: =F3^2 -> 0.00073774285
A4: 415990.36 | B4: 9648775.5 | C4: 553.368 | D4: 0.36 | E4: 0.63180689 | F4: -0.27180689 | G4: 0.67180689 | H4: 3 | I4: =F4^2 -> 0.073878986
A5: 415990.36 | B5: 9648775.5 | C5: 552.368 | D5: 1.09 | E5: 0.85788186 | F5: 0.23211814 | G5: 0.23211814 | H5: 5 | I5: =F5^2 -> 0.053878831
A6: 415990.36 | B6: 9648775.5 | C6: 551.368 | D6: 0.78 | E6: 1.0675697 | F6: -0.28756969 | G6: 0.28756969 | H6: 5 | I6: =F6^2 -> 0.082696328
A7: 415990.36 | B7: 9648775.5 | C7: 550.368 | D7: 0.75 | E7: 1.0015706 | F7: -0.25157065 | G7: 0.35157065 | H7: 5 | I7: =F7^2 -> 0.063287791
A8: 415990.36 | B8: 9648775.5 | C8: 549.368 | D8: 0.9748 | E8: 1.1445398 | F8: -0.16973984 | G8: 0.16973984 | H8: 5 | I8: =F8^2 -> 0.028811614
A9: 416044.85 | B9: 9648725.6 | C9: 554.837 | D9: 1.73 | E9: 1.4981697 | F9: 0.23183033 | G9: 0.33183033 | H9: 4 | I9: =F9^2 -> 0.053745302
A10: 416044.85 | B10: 9648725.6 | C10: 553.837 | D10: 1.69 | E10: 1.489292 | F10: 0.20070798 | G10: 0.40070798 | H10: 3 | I10: =F10^2 -> 0.040283692
A11: 416044.85 | B11: 9648725.6 | C11: 552.837 | D11: 0.82 | E11: 1.1184431 | F11: -0.29844305 | G11: 0.79844305 | H11: 3 | I11: =F11^2 -> 0.089068255
A12: 415890.36 | B12: 9648775.5 | C12: 551.418 | D12: 1.2 | E12: 1.2501211 | F12: -0.05012106 | G12: 0.05012106 | H12: 3 | I12: =F12^2 -> 0.0025121207
A13: 415890.36 | B13: 9648775.5 | C13: 550.418 | D13: 1.2 | E13: 1.1867884 | F13: 0.013211581 | G13: 0.013211581 | H13: 3 | I13: =F13^2 -> 0.00017454588
... A359: 416190.36 | B359: 9648775.5 | C359: 530.935 | D359: 1.7267 | E359: 1.589 | F359: 0.1377 | G359: 1.1377 | H359: 1 | I359: =F359^2 -> 0.01896129

Sheet SAP P3
A1: EAST | B1: NORTH | C1: RL | D1: Ni | E1: ESTIMATE | F1: RESIDUAL | G1: SIZE | H1: HOLE | I1: (X-Y)^2
A2: 415990.36 | B2: 9648775.5 | C2: 555.368 | D2: 0.81 | E2: 0.80877665 | F2: 0.0012233511 | G2: 0.0012233511 | H2: 2 | I2: =F2^2 -> 1.4965879e-06
A3: 415990.36 | B3: 9648775.5 | C3: 554.368 | D3: 0.8068 | E3: 0.66680985 | F3: 0.13999015 | G3: 0.13999015 | H3: 3 | I3: =F3^2 -> 0.019597243
A4: 415990.36 | B4: 9648775.5 | C4: 553.368 | D4: 0.36 | E4: 0.57492877 | F4: -0.21492877 | G4: 0.61492877 | H4: 3 | I4: =F4^2 -> 0.046194377
A5: 415990.36 | B5: 9648775.5 | C5: 552.368 | D5: 1.09 | E5: 0.80055213 | F5: 0.28944787 | G5: 0.38944787 | H5: 5 | I5: =F5^2 -> 0.083780071
A6: 415990.36 | B6: 9648775.5 | C6: 551.368 | D6: 0.78 | E6: 0.98139385 | F6: -0.20139385 | G6: 0.20139385 | H6: 5 | I6: =F6^2 -> 0.040559481
A7: 415990.36 | B7: 9648775.5 | C7: 550.368 | D7: 0.75 | E7: 0.99457149 | F7: -0.24457149 | G7: 0.24457149 | H7: 5 | I7: =F7^2 -> 0.059815212
A8: 415990.36 | B8: 9648775.5 | C8: 549.368 | D8: 0.9748 | E8: 0.99737512 | F8: -0.022575125 | G8: 0.022575125 | H8: 5 | I8: =F8^2 -> 0.00050963625
A9: 416044.85 | B9: 9648725.6 | C9: 554.837 | D9: 1.73 | E9: 1.5050722 | F9: 0.22492781 | G9: 0.22492781 | H9: 4 | I9: =F9^2 -> 0.050592518
A10: 416044.85 | B10: 9648725.6 | C10: 553.837 | D10: 1.69 | E10: 1.3921183 | F10: 0.29788175 | G10: 0.39788175 | H10: 3 | I10: =F10^2 -> 0.088733536
A11: 416044.85 | B11: 9648725.6 | C11: 552.837 | D11: 0.82 | E11: 1.0278382 | F11: -0.20783823 | G11: 0.90783823 | H11: 3 | I11: =F11^2 -> 0.043196731
A12: 415890.36 | B12: 9648775.5 | C12: 551.418 | D12: 1.2 | E12: 1.2201638 | F12: -0.020163822 | G12: 0.020163822 | H12: 3 | I12: =F12^2 -> 0.00040657973
A13: 415890.36 | B13: 9648775.5 | C13: 550.418 | D13: 1.2 | E13: 1.1353063 | F13: 0.064693719 | G13: 0.064693719 | H13: 3 | I13: =F13^2 -> 0.0041852772
... A359: 416190.36 | B359: 9648775.5 | C359: 530.935 | D359: 1.7267 | E359: 1.5157111 | F359: 0.21098889 | G359: 1.3109889 | H359: 1 | I359: =F359^2 -> 0.044516311

Sheet SAP P4
A1: EAST | B1: NORTH | C1: RL | D1: Ni | E1: ESTIMATE | F1: RESIDUAL | G1: SIZE | H1: HOLE | I1: (X-Y)^2
A2: 415990.36 | B2: 9648775.5 | C2: 555.368 | D2: 0.81 | E2: 0.79741821 | F2: 0.012581785 | G2: 0.012581785 | H2: 2 | I2: =F2^2 -> 0.00015830132
A3: 415990.36 | B3: 9648775.5 | C3: 554.368 | D3: 0.8068 | E3: 0.61761088 | F3: 0.18918912 | G3: 0.18918912 | H3: 3 | I3: =F3^2 -> 0.035792524
A4: 415990.36 | B4: 9648775.5 | C4: 553.368 | D4: 0.36 | E4: 0.65398107 | F4: -0.29398107 | G4: 0.59398107 | H4: 3 | I4: =F4^2 -> 0.08642487
A5: 415990.36 | B5: 9648775.5 | C5: 552.368 | D5: 1.09 | E5: 0.82172151 | F5: 0.26827849 | G5: 0.46827849 | H5: 5 | I5: =F5^2 -> 0.071973349
A6: 415990.36 | B6: 9648775.5 | C6: 551.368 | D6: 0.78 | E6: 0.93991917 | F6: -0.15991917 | G6: 0.15991917 | H6: 5 | I6: =F6^2 -> 0.02557414
A7: 415990.36 | B7: 9648775.5 | C7: 550.368 | D7: 0.75 | E7: 0.92904457 | F7: -0.17904457 | G7: 0.17904457 | H7: 5 | I7: =F7^2 -> 0.03205696
A8: 415990.36 | B8: 9648775.5 | C8: 549.368 | D8: 0.9748 | E8: 0.87303122 | F8: 0.10176878 | G8: 0.10176878 | H8: 5 | I8: =F8^2 -> 0.010356884
A9: 416044.85 | B9: 9648725.6 | C9: 554.837 | D9: 1.73 | E9: 1.5930034 | F9: 0.13699656 | G9: 0.13699656 | H9: 4 | I9: =F9^2 -> 0.018768058
A10: 416044.85 | B10: 9648725.6 | C10: 553.837 | D10: 1.69 | E10: 1.4877737 | F10: 0.20222632 | G10: 0.40222632 | H10: 3 | I10: =F10^2 -> 0.040895484
A11: 416044.85 | B11: 9648725.6 | C11: 552.837 | D11: 0.82 | E11: 1.084697 | F11: -0.26469697 | G11: 0.96469697 | H11: 3 | I11: =F11^2 -> 0.070064486
A12: 415890.36 | B12: 9648775.5 | C12: 551.418 | D12: 1.2 | E12: 1.2049942 | F12: -0.0049942433 | G12: 0.0049942433 | H12: 3 | I12: =F12^2 -> 2.4942466e-05
A13: 415890.36 | B13: 9648775.5 | C13: 550.418 | D13: 1.2 | E13: 1.1098869 | F13: 0.090113115 | G13: 0.090113115 | H13: 3 | I13: =F13^2 -> 0.0081203736
... A359: 416190.36 | B359: 9648775.5 | C359: 530.935 | D359: 1.7267 | E359: 1.5137765 | F359: 0.21292353 | G359: 1.4129235 | H359: 1 | I359: =F359^2 -> 0.045336429

Sheet SAP P5
A1: EAST | B1: NORTH | C1: RL | D1: Ni | E1: ESTIMATE | F1: RESIDUAL | G1: SIZE | H1: HOLE | I1: (X-Y)^2
A2: 415990.36 | B2: 9648775.5 | C2: 555.368 | D2: 0.81 | E2: 0.79854893 | F2: 0.011451075 | G2: 0.011451075 | H2: 2 | I2: =F2^2 -> 0.00013112711
A3: 415990.36 | B3: 9648775.5 | C3: 554.368 | D3: 0.8068 | E3: 0.59824664 | F3: 0.20855336 | G3: 0.20855336 | H3: 3 | I3: =F3^2 -> 0.043494503
A4: 415990.36 | B4: 9648775.5 | C4: 553.368 | D4: 0.36 | E4: 0.64838131 | F4: -0.28838131 | G4: 0.58838131 | H4: 3 | I4: =F4^2 -> 0.083163781
A5: 415990.36 | B5: 9648775.5 | C5: 552.368 | D5: 1.09 | E5: 0.88971895 | F5: 0.20028105 | G5: 0.50028105 | H5: 5 | I5: =F5^2 -> 0.040112499
A6: 415990.36 | B6: 9648775.5 | C6: 551.368 | D6: 0.78 | E6: 0.92502279 | F6: -0.14502279 | G6: 0.14502279 | H6: 5 | I6: =F6^2 -> 0.02103161
A7: 415990.36 | B7: 9648775.5 | C7: 550.368 | D7: 0.75 | E7: 0.89848981 | F7: -0.14848981 | G7: 0.14848981 | H7: 5 | I7: =F7^2 -> 0.022049224
A8: 415990.36 | B8: 9648775.5 | C8: 549.368 | D8: 0.9748 | E8: 0.80226054 | F8: 0.17253946 | G8: 0.17253946 | H8: 5 | I8: =F8^2 -> 0.029769867
A9: 416044.85 | B9: 9648725.6 | C9: 554.837 | D9: 1.73 | E9: 1.6441699 | F9: 0.085830132 | G9: 0.085830132 | H9: 4 | I9: =F9^2 -> 0.0073668116
A10: 416044.85 | B10: 9648725.6 | C10: 553.837 | D10: 1.69 | E10: 1.4828531 | F10: 0.20714689 | G10: 0.40714689 | H10: 3 | I10: =F10^2 -> 0.042909832
A11: 416044.85 | B11: 9648725.6 | C11: 552.837 | D11: 0.82 | E11: 1.1090227 | F11: -0.28902274 | G11: 0.98902274 | H11: 3 | I11: =F11^2 -> 0.083534143
A12: 415890.36 | B12: 9648775.5 | C12: 551.418 | D12: 1.2 | E12: 1.2000152 | F12: -1.5227516e-05 | G12: 1.5227516e-05 | H12: 3 | I12: =F12^2 -> 2.3187724e-10
A13: 415890.36 | B13: 9648775.5 | C13: 550.418 | D13: 1.2 | E13: 1.0999992 | F13: 0.10000082 | G13: 0.10000082 | H13: 3 | I13: =F13^2 -> 0.010000164
... A359: 416190.36 | B359: 9648775.5 | C359: 530.935 | D359: 1.7267 | E359: 1.4581758 | F359: 0.26852424 | G359: 1.4685242 | H359: 1 | I359: =F359^2 -> 0.072105269

Sheet RMSE
A1: POWER | B1: ZONE
B2: LIMONIT | C2: SAPROLIT
A3: 1 | B3: ='LIM P1'!#REF! -> #REF! | C3: ='SAP P1'!#REF! -> #REF!
A4: 2 | B4: ='LIM P2'!#REF! -> #REF! | C4: ='SAP P2'!#REF! -> #REF!
A5: 3 | B5: ='LIM P3'!#REF! -> #REF! | C5: ='SAP P3'!#REF! -> #REF!
A6: 4 | B6: ='LIM P4'!#REF! -> #REF! | C6: ='SAP P4'!#REF! -> #REF!
A7: 5 | B7: ='LIM P5'!#REF! -> #REF! | C7: ='SAP P5'!#REF! -> #REF!
